<?xml version="1.0" encoding="UTF-8"?>
<mc:RepositoryConfig  
  xmlns:mc="http://www.modeldriven.org/fuml/repository/config"
  defaultUMLNamespaceURI="http://www.omg.org/spec/UML/20110701/UML.xmi">   
 
    <artifact name="PrimitiveTypes.xmi" 
        urn="http://www.omg.org/spec/UML/20110701/PrimitiveTypes.xmi"
        namespaceURI="http://www.omg.org/spec/UML/20110701/PrimitiveTypes.xmi"
        factoryClassName="org.modeldriven.fuml.repository.model.PrimitiveTypesAssembler">   
    </artifact>
    <artifact name="Infrastructure.xmi" 
        urn="http://www.omg.org/spec/UML/20110701/Infrastructure.xmi"
        namespaceURI="http://www.omg.org/spec/UML/20110701/UML.xmi"
        factoryClassName="org.modeldriven.fuml.repository.model.InfrastructureAssembler">   
        <registeredPackage name="InfrastructureLibrary.Profiles"/>
    </artifact>
    <artifact name="Superstructure.xmi" 
        urn="http://www.omg.org/spec/UML/20110701/Superstructure.xmi"
        namespaceURI="http://www.omg.org/spec/UML/20110701/UML.xmi"
        factoryClassName="org.modeldriven.fuml.repository.model.SuperstructureAssembler"/>    

    <artifact name="fUML_Syntax.xmi" 
        urn="fUML_Syntax.xmi"
        namespaceURI="http://www.omg.org/spec/UML/20110701/UML.xmi"
        factoryClassName="org.modeldriven.fuml.repository.model.fUML_SyntaxAssembler">
        <registeredPackage name="fUML.Syntax"/>
    </artifact> 

    <ignoredPackage name="UML.AuxiliaryConstructs.Models"/>
    <ignoredPackage name="InfrastructureLibrary.Profiles"/>
    <ignoredPackage name="InfrastructureLibrary.Core.Constructs"/>

    <ignoredClass name="PackageImport"/>
  
</mc:RepositoryConfig>   
